filename,actual_class
07f896d05966491dff2b6bf79c78d6f3.jpg,1
10de35bd099f274a527c83df383eace4.jpg,1
1a88ebda668e2e7650eddd6f65de8876.jpg,1
2487fc39e80ccf97b3f3eb215b0fd164.jpg,1
3121d030d8bb68cc507d04fdff72d345.jpg,1
34e7496d708cfff5b2206174c85685b7.jpg,1
4af854acafe84765e61443d0019ab606.jpg,1
4da96ecd08280d6400e1bd0ea608deea.jpg,1
583d57c5188d9d319c707a6c6b57b28c.jpg,1
65ffd221ab4784b94f5fa96a5f822287.jpg,1
708c9beefffcad7823ccf5bbe0139603.jpg,1
7302b272415e2571617572b37a2192f7.jpg,1
857fad705c3de3247d1b1bcde855d30e.jpg,1
b5d9d8d6d417ad57fffb34342e28d1be.jpg,1
be9c5e67bddac3dfc5b7623cf201a93a.jpg,1
c2e73b5befebc27b76d6b46de16010e5.jpg,1
c47d415ae4784b7a477d66981466f80c.jpg,1
ce693bfda09d18ea7f40a072a0b35146.jpg,1
d01a81fb42eaaec25c4cc46e2bdba29d.jpg,1
dacc477bba2a6e44cf65b5d28e4870f0.jpg,1
ebc0a2e06363365876f5e630f189d07b.jpg,1
ed670700e3297120b97f54eb82148ced.jpg,1
f0236a323cba73facd7526b3577749d3.jpg,1
fd0a28c85b90ef3586598667a4b14a03.jpg,1
fdb09bc91bcc72da7052be9e453021ef.jpg,1
01859de870ed8b8cf0415a0330ab8b11.jpg,2
0450a577e0cfb2f9f9d6e746c4d673fc.jpg,2
2839c48922dc8f2afb6a0e319ef530c2.jpg,2
2c9957bce04f4876fb95753aa31e88c6.jpg,2
2dab0ff85bd6519e8acfa1cabb7da4ae.jpg,2
3b92d99835072f73f071561ed8ae96dd.jpg,2
4857f8ecc24b8f34f2c61627dc073abc.jpg,2
4fbce7422184ca27cf3c5b9f3618c3e6.jpg,2
5b3e7b53caa860901ce2113d56f936cb.jpg,2
5f3f9e7813f132424c1b1635ef39cacb.jpg,2
72b3bd17c262ddaa06d8e765b01bbc79.jpg,2
75992e24ebef685ed1fc4380b939734a.jpg,2
7fab4c5d483171bfd1ac1653b24978af.jpg,2
a1e91d542c58dcffd17468b36e2abfce.jpg,2
a28a8aa1ed63080f668bb767a7cd4eff.jpg,2
a51bfeb6c884d2183ea9683709ea6f53.jpg,2
a7524469a672a09ad0a6f39891fac0be.jpg,2
b5ca2665344c7b741615fae8292cdd09.jpg,2
e65f3c1fcae56c3b7e1f156463caebba.jpg,2
e76b5193772a4171eeda0606d6b6acf7.jpg,2
e838105ce6657b37e044fe2b4a5fc16e.jpg,2
e890a8c9f693ed85ece329bd67e2e462.jpg,2
ee1dc9c124191a5bd7ffc9c2f3e23551.jpg,2
f00aa54584b4b29f79e57c8ca33a9c0a.jpg,2
f1fc6ebe86c29da1a8bbdc1e109d818f.jpg,2
020e641cb96e8bcd1785ca3628fb2a0f.jpg,3
025d45df2f2cb9cb01c14841131ce267.jpg,3
055b228e2efe49266d32bb42a0d457df.jpg,3
074af0a9904105e6e43e4eaa94644226.jpg,3
09d40292fedcaf48cbf57c9360a7af93.jpg,3
15862292f902084d1a08f7c5a92c31c5.jpg,3
2fd3ad2148499c870960f01e15657d69.jpg,3
3ac603c56dd9647a7e8c17b36618084a.jpg,3
3f33a4eb4d16cc33cfe3491532333f25.jpg,3
5184637f4f780d49b623b46125bc4921.jpg,3
6ea7d4e2077ea17a711c675193d9b7e1.jpg,3
a44e18452e4a50a48283decbde288936.jpg,3
aa89520ed6921efc8e6ccf6a2ed5f92b.jpg,3
aaa1a9ce6fff44e71d76b3d24d0dd100.jpg,3
b1a4b28e82bf0e44318552ceb8f462b9.jpg,3
b94a3d6f01ab32169ad0e68777da1c59.jpg,3
c4535ac3b7bf4f5a765193d89c522f5a.jpg,3
c834df1f678164556515f5ade3f736c3.jpg,3
c83e3917e917a0be81717f3e10208262.jpg,3
d3d842602d0515e90ed87a146350423f.jpg,3
d9922c7919e8c3910de4a05badab381e.jpg,3
de390c5226bc4a2423b02b38f8a9c2a2.jpg,3
e7a0fa638bb8b896f0f9f2d925e4b07a.jpg,3
e826ae8faf6ef303a5c328b713d058fc.jpg,3
effa11e10716b09529c3c963cab3589c.jpg,3
0806e25f38bb404d4c77610f60926136.jpg,4
0976db6164a50c830756a43de8fde48a.jpg,4
0bc37ccde4848d85a5b9bb9134017136.jpg,4
21498005b9463026813bcb9461748878.jpg,4
2484571fc965d011ce3dca6925d7f1b0.jpg,4
2a5bbb173444683cda51cbae0c861035.jpg,4
2e0e3502804373052bf78acf23a86d4e.jpg,4
415345f9b766ac3e47623817855d83de.jpg,4
470db4b92dd9b784e094eb6e3eb9f9ff.jpg,4
4ba0d27f9afa31f182673e05d69bbdce.jpg,4
5bb8857ff19911b2fb737b4fe361425b.jpg,4
602b17ed7692160f95ccf9a6d60d6dd5.jpg,4
60d3f7e689f93b708385e651302550f6.jpg,4
823e3405cd26cd1230a7d722208ce94c.jpg,4
8c58481fbe59a514303693b095d91cec.jpg,4
9a3013ce52cb8a424155a162cc1bfc6c.jpg,4
aadca88b6786c455afe89ec7fde096f4.jpg,4
b84a12076bd267f0d2e8d4402c649ffc.jpg,4
bbd0d2908f08ce445e090df802c9c8b5.jpg,4
c26304f55b6a352485821afaf5950d93.jpg,4
cde1cd7f730ff2d00d6086c6a725466f.jpg,4
e29a27a3332916c22eaafbb3f2cee12d.jpg,4
e3c42449fdab5e391a6ef1d25daed7c1.jpg,4
f25886ee64219a7e9ed21cf41d105385.jpg,4
f976b722e8eef380889edf95b06f349d.jpg,4
0005e11b6e8df81ad5aba66e6c39370b.jpg,5
02a96f6375ad6e4df180e91f4ea8c7de.jpg,5
05ca59d4646c5c1127454f51c05af135.jpg,5
05e36367dcc3c40795c3996ba8d5d9e0.jpg,5
096c94d2b31835792c94514ce7857038.jpg,5
144425ed6946f507e8626a727174d583.jpg,5
2135fb3c612930b66593281572be29c6.jpg,5
241b88937e38c48a15dc4da5195756f9.jpg,5
4ff6ac77b6f342d6d4ca85a1ff9e0171.jpg,5
572f0d51da87284fd1d95f32161c6af6.jpg,5
7107b58ff23b28a454a7efeff11ebf1c.jpg,5
77980dd7f2bcac92b207616f7c0dcdc8.jpg,5
7878ddace938e835ed7a6aafc3ca4ae9.jpg,5
80d1a91b33654fee7b61a394f5e36dea.jpg,5
87e9025a9cccd57c00a54723e0423359.jpg,5
98a64a72509bad1014645dbb3de6362f.jpg,5
9fb1471283fc9b4d3c5fa1200776efbe.jpg,5
a5024441ef40951fb7d61fea478a464a.jpg,5
a7a70b46fe5fccc90782ac4e06153ffa.jpg,5
b00c36659b4fd823aa7bb75bb804951f.jpg,5
d0067d9a5ae32f8e1a8e2bf8fc7b63ef.jpg,5
d7918edd0f1045ede894144458fa2d5e.jpg,5
d7c0f443fee096a1210893d41f185324.jpg,5
d92225e4bcc560b5185f8bd08be60a05.jpg,5
faaea8dbb666423b53689d75306885e3.jpg,5
025e77c69051a8358218777136e4f160.jpg,6
059a7709bf6c4ca7b7b53e6b5e71d660.jpg,6
09f0cb89153ab2cedddbd7d268bf3e92.jpg,6
0f2e62666816023d0cf091eb81f552d1.jpg,6
236e8c673fa3781c2e86125159b4f670.jpg,6
28235091a367ab9ccfe519e8b728b352.jpg,6
365aba09f0ad8a01eb6be075b7847309.jpg,6
5762eb80d65276258d9cc12d6e1bee42.jpg,6
590dad3b1f9ac96dc417afc5fdb56942.jpg,6
6b02fea429e00e70448395970069f0ad.jpg,6
6e9f5cab66c68784dce6a9ecf5cc5348.jpg,6
7b4dc366fd1ad69cfa1e03c798d1381c.jpg,6
80a8a915f14d027d4141cc893e4f17df.jpg,6
821de1ccf7a9e7061aab13dd383046a9.jpg,6
848a2d6b2b528b49b29d21b1cc431681.jpg,6
918ab7e1ef945544ea2f053c9b1f7a4a.jpg,6
98f1e26e8e51d72e9c40f4479af5cabb.jpg,6
c912e10514bc36286920d0b4497c92a8.jpg,6
cd51b4fedfd3481aa6bd0c0ba034d2cb.jpg,6
cda664020162b6f5114255c3aefc5374.jpg,6
d0a016053876eee2bc536e9114921218.jpg,6
d439ae969f706f98956c2551492ceadd.jpg,6
de749e21768d934292cdd686ce567ae2.jpg,6
dea04cab61c92c8a2272bb1999bc3076.jpg,6
f17967ac8e4a50f57ce83611f2bf36ad.jpg,6
079dc28a4073b566494489363518ab68.jpg,7
15d8adf71eb40073c531d3a85afbf1f3.jpg,7
1a45e974c0664dc98efb637a81c873db.jpg,7
1ea300bb12ab99e58e7b34a1b2f172fa.jpg,7
28d579293481e312304252b5df109a52.jpg,7
38bc2799a85cd6fa7b570f691a0341ff.jpg,7
3950ac285bdaf6a15f2bc12262ddca23.jpg,7
486274b34cc86074acc7c1cf2b1c0b71.jpg,7
58e11a9c2e3749d8dcdd029bf534c615.jpg,7
621abf3e66e61b1ddf6fee341dd26536.jpg,7
67114a78d86a982c491e38e556a42bd8.jpg,7
6e68ca7ca70886c8b02b893ab5e276c9.jpg,7
71682c3b54f83a3267475a9833023695.jpg,7
7b02f07cdfaefc848c3385ada806481c.jpg,7
821bde9cb2ba056b97d1191ac0eaa42a.jpg,7
8df5f61e4aab0b661ae53636e3b6c70d.jpg,7
9322a1b66ed1d3b5ddaf6eab289aa461.jpg,7
a7cec479c28cd0d9aeaa9694a6dd83b2.jpg,7
b4a3462d0f96fd388b60ec4f23dbd41f.jpg,7
cdb3caf1c93dad62c1f608a38bf7e16e.jpg,7
e6b92b79b330d0b92f5ccbb2b35abf72.jpg,7
eb2421a7de44fe19aed78097463b1c58.jpg,7
ebde22d032a23f16906f9032a460a3b5.jpg,7
f63510128c7aeacbf754cdb8d5022d19.jpg,7
fa084535f793e807d0bc062fb161e8b7.jpg,7
0038707665fc59f16025e8c29b158d90.jpg,8
0b19dd513f38a9213b227e6323a79170.jpg,8
104d1fa1d8e688d4cd71c1d3f2a6c870.jpg,8
1c1a297ca53b08c22fd101b06915891a.jpg,8
285e39d2473a2badbcbe50ddac3b3d06.jpg,8
35361fc57920d961451d3eb6bcae119e.jpg,8
371464b90891905ec859741039765370.jpg,8
3ac8acf63c790f286602439f0039cc15.jpg,8
5844039aa3471b0034fbe909c6f5ea28.jpg,8
5d5e9b4c8c55171ffe745765d259aeb5.jpg,8
74f696205ed9a1c0a355d0a7fa59addf.jpg,8
76790e49cb19cde496a02ac9f4d69bc9.jpg,8
7a872105aa1ac4c258cfaccfa006927d.jpg,8
90ea60e60d1751c4d1f4c770cd1804aa.jpg,8
93b3605a1629fa11fe9bf7cb2116e5d6.jpg,8
a7c79a822fc5f72396daa9f523426b81.jpg,8
a9132ad0b01c082eb7085674e36e889c.jpg,8
aa7d6da23492622ba4e74b9da05bb4f4.jpg,8
ae1c8f14a5ade3d92540e283da87d528.jpg,8
bdc26961c9c5328d8fb24cb82559435e.jpg,8
c3878d4b40d8aa00e9916cbfbfc2d578.jpg,8
cc59dc40bfb2954475b5f65aff32305a.jpg,8
cf9f11694caad1e286bedf582bb45456.jpg,8
db1b384dc9999c18a9f629438918ed03.jpg,8
ee3dd72b977b5f4b32f3d25410831662.jpg,8
0b38967738d118dbd31d1e160311616f.jpg,9
0b8c356cc930f3a1b81bb5e42b83e3ed.jpg,9
17bdcc5bedee4d7f77b40b0f9669f8c4.jpg,9
186873f68913a43903b00309f3bbd645.jpg,9
49bc76fcd136dce708c94b8d3760eed3.jpg,9
637d17dd3814599a52392d271ddd352c.jpg,9
852384659696ddddc54659e16a813aa7.jpg,9
87e9407d5fc0d8697eb99f1ecbc8c19e.jpg,9
8dd1774b29b9d125dc1eadd89c1f3c8e.jpg,9
940dbcaffc5bb427ddae7e269f8789c9.jpg,9
960ac6139b6d7a4203e66abaa8708073.jpg,9
a8c1eba2fa894a099a7345e104971149.jpg,9
b6e17ab63b26e2f7660f35c2f887a08e.jpg,9
bac359bd81417e55b34f2a4b002c4ab5.jpg,9
bbb6c76825027e93ecf5caf8ff4f305d.jpg,9
bdbb48f20b45bf753cb94bdf1c051952.jpg,9
c1eb02be257bccf5a3e1aff2731f3a66.jpg,9
c7e26d7aa5d47ece08d82f5cccd8648d.jpg,9
cbdee695c229fad68a0b04c2160f45db.jpg,9
d29148aba061a686a56278c06bf6bbb7.jpg,9
d3e8957300676c5fc688f7797bb9dd27.jpg,9
e02cc47940e011abc3cbd2a946ce3974.jpg,9
e376a78a35a7a80eb9c8ef78118aa563.jpg,9
e40f451b793f93b48f4ed577f5371b07.jpg,9
ea17ec86e0b94060f336226db9622eb8.jpg,9
10f31f7b4e9182059fc026f92757ed3b.jpg,10
3c009b897a462c91853dc62d30a4caa1.jpg,10
453d3182c8d3e99405e85690a3c15c95.jpg,10
4f747b413ee57b511d8c75cb1db85ce1.jpg,10
5c09fb876a8fb3e378ac07ddb943b4bf.jpg,10
6cbc9e4f9747054072fc30823eb3c348.jpg,10
73b7d22816e4b4c2d104be8445594e8a.jpg,10
7db8c338152ef711b78edc1a5e8fba7f.jpg,10
889a4d89ab54bff1e33f3f4aed147ec9.jpg,10
8d804f30b9e74d341e1f5629fc77032c.jpg,10
8eec5a6c97ae5b8838ab5ca6fcca6421.jpg,10
8f6a095e91b3ba7bc67a14b6d2c09df5.jpg,10
9643ff7135b7de64aa8f58a289748ba5.jpg,10
99e98546cf2eeb8c7728e17dcfa00c56.jpg,10
9d6a1291831899690d284338765cbb10.jpg,10
abd5ad154174b2f7059649cdf8587eea.jpg,10
c10c37d801e982ce7225ff9656e6f98b.jpg,10
c41a095b56113a643b7a19fbb00cdf66.jpg,10
c4f8c36eaf0683c5d2678f06c3e2fef8.jpg,10
db736c42b0eb4dec9405138b3b08144d.jpg,10
e0ecbd623f678b685d10483ed89a0279.jpg,10
e35529317c39fce34b2a381e0561a498.jpg,10
f422e5a7bd0172e86c73448c6aeba76f.jpg,10
fa4e00871cf1efd959217266bf8fb4f0.jpg,10
facde0c1eef8e5ffd8508807cb7437ce.jpg,10
